<?xml version="1.0" encoding="UTF-8"?>
<!DOCTYPE struts-config PUBLIC "-//Apache Software Foundation//DTD Struts Configuration 1.1//EN" "http://jakarta.apache.org/struts/dtds/struts-config_1_1.dtd">

<struts-config>

	<!-- Form Beans Configuration -->
	<form-beans>
		<form-bean name="membreForm" type="axlomoso.ezbay.struts.form.MembreForm" />
		<form-bean name="articleListForm" type="axlomoso.ezbay.struts.form.ArticleListForm" />
		<form-bean name="articleForm" type="axlomoso.ezbay.struts.form.ArticleForm" />
		<form-bean name="connectForm" type="axlomoso.ezbay.struts.form.ConnectForm" />
		<form-bean name="myEzBayForm" type="axlomoso.ezbay.struts.form.MyEzBayForm" />
		<form-bean name="vendeurForm" type="axlomoso.ezbay.struts.form.VendeurForm" />
    	<form-bean name="categorieForm" type="axlomoso.ezbay.struts.form.CategorieForm" />
		<form-bean name="rechercheForm" type="axlomoso.ezbay.struts.form.RechercheForm" />
    <form-bean name="enchereForm" type="axlomoso.ezbay.struts.form.EnchereForm" />
    <form-bean name="clientForm" type="axlomoso.ezbay.struts.form.ClientForm" />
    <form-bean name="avisForm" type="axlomoso.ezbay.struts.form.AvisForm" />
    

	</form-beans>

	<!-- Global Forwards Configuration -->
	<global-forwards>
		<forward
      name="welcome"
      path="/init.do"
      redirect="true" />





	</global-forwards>

	<!-- Action Mappings Configuration -->
	<action-mappings>
		<action path="/membreSave" input="ezBay.membreEdit" type="axlomoso.ezbay.struts.action.MembreSaveAction" name="membreForm" scope="request" validate="true">
			<forward name="succesUpdate" path="/membre.do?do=showInformations" redirect="true" />
			<forward name="echec" path="ezBay.membreEdit" />
			<forward name="succesInscription" path="/myEzBay.do?do=showMyEzBay" redirect="true" />
		</action>
		<action
      forward="/categorie.do?do=showCategories"
      path="/default"
      unknown="true" />
		<action
      attribute="articleListForm"      
      name="articleListForm"
      parameter="do"
      path="/articleList"
      scope="request"
      type="axlomoso.ezbay.struts.action.ArticleListAction">
      <forward name="showList" path="ezBay.articleList" />
    </action>
		<action attribute="articleForm" name="articleForm" parameter="do" path="/article" scope="request" validate="false" type="axlomoso.ezbay.struts.action.ArticleAction">
			<forward name="showEdit" path="ezBay.articleEdit" />
			<forward name="showList" path="/articleList.do" redirect="true" />
			<forward name="showArticleFiche" path="ezBay.articleFiche" />
      <forward name="showConfirmRetrait" path="ezBay.articleRetrait" />
      <forward name="showVendeurArticles" path="/vendeur.do?do=showArticles" />
      <forward name="echecDelete" path="ezBay.articleRetrait" />
      <forward name="echecRetrait" path="ezBay.articleRetrait" />
      <forward name="echecMiseEnVente" path="ezBay.articleRetrait" />
	<forward name="showCategoriesRecherche" path="ezBay.rechercheArticle" />
		</action>
		<action attribute="connectForm" input="monEzBay.connect" name="connectForm" parameter="do" path="/connect" scope="request" type="axlomoso.ezbay.struts.action.ConnectAction">
			<forward name="succes" path="/myEzBay.do?do=showMyEzBay" />
			<forward name="echec" path="monEzBay.connect" />
		</action>
		<action attribute="myEzBayForm" input="page.welcome" name="myEzBayForm" parameter="do" path="/myEzBay" scope="request" type="axlomoso.ezbay.struts.action.MyEzBayAction">
			<forward name="showMyEzBay" path="page.welcome" />
			<forward name="showConnectForm" path="monEzBay.connect" />
			<forward
      name="welcome"
      path="/default.do"
      redirect="true" />

		</action>
		<action
      attribute="articleForm"
      input="ezBay.articleEdit"
      name="articleForm"
      path="/articleSave"
      scope="request"
      type="axlomoso.ezbay.struts.action.ArticleSaveAction">
      <forward
        name="showVendeurArticles"
        path="/vendeur.do?do=showArticles"
        redirect="true" />
    </action>
		
			<action attribute="vendeurForm" input="ezBay.vendeurEdit" name="vendeurForm" path="/vendeurSave" scope="request" type="axlomoso.ezbay.struts.action.VendeurSaveAction" validate="true">
			<forward name="succes" path="/vendeur.do?do=showInformations" redirect="true" />
		</action>

		<action attribute="vendeurForm" name="vendeurForm" parameter="do" path="/vendeur" scope="request" type="axlomoso.ezbay.struts.action.VendeurAction" validate="false">
			<forward name="succes" path="/myEzBay.do?do=showMyEzbay" />
			<forward name="showInformations" path="ezBay.vendeurInformations" />
			<forward name="showEdit" path="ezBay.inscription.vendeur"/>
			<forward name="showArticles" path="ezBay.vendeurArticles" />
		</action>

		<action attribute="membreForm" name="membreForm" parameter="do" path="/membre" scope="request" type="axlomoso.ezbay.struts.action.MembreAction" validate="false">
			<forward name="showInformations" path="ezBay.membreInformations" />
			<forward name="showEdit" path="ezBay.membreEdit" />
			<forward name="showInscription" path="ezBay.membreEdit"  />
			<forward name="showMembreFiche" path="ezBay.membreFiche" />
			
		</action>
    <action attribute="categorieForm" name="categorieForm" parameter="do" path="/categorie" scope="request" type="axlomoso.ezbay.struts.action.CategorieAction" validate="false" >
		<forward name="showCategories" path="ezBay.listeCategorie" />
	</action>
	<action
      attribute="rechercheForm"
      name="rechercheForm"
      path="/rechercheArticle"
      input="ezBay.rechercheArticle"
      scope="request"
      type="axlomoso.ezbay.struts.action.RechercheArticleAction" >
      <forward name="showList" path="ezBay.rechercheArticle" />
	</action>
    <action
      attribute="enchereForm"
      name="enchereForm"
      parameter="do"
      path="/enchere"
      scope="request"
      type="axlomoso.ezbay.struts.action.EnchereAction" validate="false">
     <forward name="showEnchereForm" path="ezBay.articleEnchereEdit" />
      <forward name="EchecMembreNonConnecte" path="/myEzBay.do?do=showMyEzBay" />
    </action>

    <action
      attribute="enchereForm"
      input="ezBay.articleEnchereEdit"
      validate="true"
      name="enchereForm"
      path="/enchereSave"
      scope="request"
      type="axlomoso.ezbay.struts.action.EnchereSaveAction" >
      
    </action>
    <action path="/init" type="axlomoso.ezbay.struts.action.InitAction" >
      <forward
        name="next"
        path="/default.do"
        redirect="true" />
    </action>
    <action
      attribute="clientForm"
      name="clientForm"
      parameter="do"
      path="/client"
      scope="request"
      type="axlomoso.ezbay.struts.action.ClientAction"
      validate="false" >
      <forward name="showAchats" path="ezBay.clientAchats" />
      <forward name="showEncheres" path="ezBay.clientEncheres" />
      
    </action>
    
    <action
      attribute="avisForm"
      name="avisForm"
      parameter="do"
      path="/avis"
      scope="request"
      type="axlomoso.ezbay.struts.action.AvisAction"
      validate="false" >
      <forward name="showAvisForm" path="ezBay.avisEdit" />
      <forward
      name="showAchats"
      path="client.do?do=showMyAchats"
      redirect="true" />
    </action>


    


    


	
	</action-mappings>

	<!-- Message Resources Configuration -->
	<message-resources parameter="axlomoso.ezbay.struts.ressources.Application" />


<plug-in className="org.apache.struts.tiles.TilesPlugin" >
<set-property property="definitions-config" 
                      value="/WEB-INF/tiles-definitions.xml"/> 

<set-property property="moduleAware" value="true" />
<set-property property="definitions-parser-validate" value="true" />
</plug-in> 



</struts-config>
