<?xml version="1.0" encoding="UTF-8"?>

<!DOCTYPE ejb-jar PUBLIC "-//Sun Microsystems, Inc.//DTD Enterprise JavaBeans 2.0//EN" "http://java.sun.com/dtd/ejb-jar_2_0.dtd">

<ejb-jar >

   <description><![CDATA[No Description.]]></description>
   <display-name>Generated by XDoclet</display-name>

   <enterprise-beans>

      <!-- Session Beans -->
      <session >
         <description><![CDATA[Description for VendeurFacade]]></description>
         <display-name>Name for VendeurFacade</display-name>

         <ejb-name>VendeurFacade</ejb-name>

         <home>axlomoso.ezbay.model.interfaces.VendeurFacadeHome</home>
         <remote>axlomoso.ezbay.model.interfaces.VendeurFacade</remote>
         <local-home>axlomoso.ezbay.model.interfaces.VendeurFacadeLocalHome</local-home>
         <local>axlomoso.ezbay.model.interfaces.VendeurFacadeLocal</local>
         <ejb-class>axlomoso.ezbay.model.ejb.VendeurFacadeSession</ejb-class>
         <session-type>Stateless</session-type>
         <transaction-type>Container</transaction-type>

      </session>

      <session >
         <description><![CDATA[Description for TimerFinVenteBean]]></description>
         <display-name>Name for TimerFinVenteBean</display-name>

         <ejb-name>TimerFinVente</ejb-name>

         <local-home>axlomoso.ezbay.model.interfaces.TimerFinVenteLocalHome</local-home>
         <local>axlomoso.ezbay.model.interfaces.TimerFinVenteLocal</local>
         <ejb-class>axlomoso.ezbay.model.ejb.TimerFinVenteSession</ejb-class>
         <session-type>Stateless</session-type>
         <transaction-type>Container</transaction-type>

      </session>

      <session >
         <description><![CDATA[Description for ActionEnchereFacade]]></description>
         <display-name>Name for ActionEnchereFacade</display-name>

         <ejb-name>ActionEnchereFacade</ejb-name>

         <home>axlomoso.ezbay.model.interfaces.ActionEnchereFacadeHome</home>
         <remote>axlomoso.ezbay.model.interfaces.ActionEnchereFacade</remote>
         <local-home>axlomoso.ezbay.model.interfaces.ActionEnchereFacadeLocalHome</local-home>
         <local>axlomoso.ezbay.model.interfaces.ActionEnchereFacadeLocal</local>
         <ejb-class>axlomoso.ezbay.model.ejb.ActionEnchereFacadeSession</ejb-class>
         <session-type>Stateless</session-type>
         <transaction-type>Container</transaction-type>

      </session>

      <session >
         <description><![CDATA[Description for CategorieFacade]]></description>
         <display-name>Name for CategorieFacade</display-name>

         <ejb-name>CategorieFacade</ejb-name>

         <home>axlomoso.ezbay.model.interfaces.CategorieFacadeHome</home>
         <remote>axlomoso.ezbay.model.interfaces.CategorieFacade</remote>
         <local-home>axlomoso.ezbay.model.interfaces.CategorieFacadeLocalHome</local-home>
         <local>axlomoso.ezbay.model.interfaces.CategorieFacadeLocal</local>
         <ejb-class>axlomoso.ezbay.model.ejb.CategorieFacadeSession</ejb-class>
         <session-type>Stateless</session-type>
         <transaction-type>Container</transaction-type>

      </session>

      <session >
         <description><![CDATA[Description for MembreFacade]]></description>
         <display-name>Name for MembreFacade</display-name>

         <ejb-name>MembreFacade</ejb-name>

         <home>axlomoso.ezbay.model.interfaces.MembreFacadeHome</home>
         <remote>axlomoso.ezbay.model.interfaces.MembreFacade</remote>
         <local-home>axlomoso.ezbay.model.interfaces.MembreFacadeLocalHome</local-home>
         <local>axlomoso.ezbay.model.interfaces.MembreFacadeLocal</local>
         <ejb-class>axlomoso.ezbay.model.ejb.MembreFacadeSession</ejb-class>
         <session-type>Stateless</session-type>
         <transaction-type>Container</transaction-type>

      </session>

      <session >
         <description><![CDATA[Description for ActionTransactionFacade]]></description>
         <display-name>Name for ActionTransactionFacade</display-name>

         <ejb-name>ActionTransactionFacade</ejb-name>

         <home>axlomoso.ezbay.model.interfaces.ActionTransactionFacadeHome</home>
         <remote>axlomoso.ezbay.model.interfaces.ActionTransactionFacade</remote>
         <local-home>axlomoso.ezbay.model.interfaces.ActionTransactionFacadeLocalHome</local-home>
         <local>axlomoso.ezbay.model.interfaces.ActionTransactionFacadeLocal</local>
         <ejb-class>axlomoso.ezbay.model.ejb.ActionTransactionFacadeSession</ejb-class>
         <session-type>Stateless</session-type>
         <transaction-type>Container</transaction-type>

      </session>

      <session >
         <description><![CDATA[Description for ArticleFacade]]></description>
         <display-name>Name for ArticleFacade</display-name>

         <ejb-name>ArticleFacade</ejb-name>

         <home>axlomoso.ezbay.model.interfaces.ArticleFacadeHome</home>
         <remote>axlomoso.ezbay.model.interfaces.ArticleFacade</remote>
         <local-home>axlomoso.ezbay.model.interfaces.ArticleFacadeLocalHome</local-home>
         <local>axlomoso.ezbay.model.interfaces.ArticleFacadeLocal</local>
         <ejb-class>axlomoso.ezbay.model.ejb.ArticleFacadeSession</ejb-class>
         <session-type>Stateless</session-type>
         <transaction-type>Container</transaction-type>

      </session>

      <session >
         <description><![CDATA[Description for ClientFacade]]></description>
         <display-name>Name for ClientFacade</display-name>

         <ejb-name>ClientFacade</ejb-name>

         <home>axlomoso.ezbay.model.interfaces.ClientFacadeHome</home>
         <remote>axlomoso.ezbay.model.interfaces.ClientFacade</remote>
         <local-home>axlomoso.ezbay.model.interfaces.ClientFacadeLocalHome</local-home>
         <local>axlomoso.ezbay.model.interfaces.ClientFacadeLocal</local>
         <ejb-class>axlomoso.ezbay.model.ejb.ClientFacadeSession</ejb-class>
         <session-type>Stateless</session-type>
         <transaction-type>Container</transaction-type>

      </session>

     <!--
       To add session beans that you have deployment descriptor info for, add
       a file to your XDoclet merge directory called session-beans.xml that contains
       the <session></session> markup for those beans.
     -->

      <!-- Entity Beans -->
      <entity >
         <description><![CDATA[Description for Membre]]></description>
         <display-name>Name for Membre</display-name>

         <ejb-name>Membre</ejb-name>

         <local-home>axlomoso.ezbay.model.interfaces.MembreLocalHome</local-home>
         <local>axlomoso.ezbay.model.interfaces.MembreLocal</local>

         <ejb-class>axlomoso.ezbay.model.ejb.MembreCMP</ejb-class>
         <persistence-type>Container</persistence-type>
         <prim-key-class>java.lang.String</prim-key-class>
         <reentrant>False</reentrant>
         <cmp-version>2.x</cmp-version>
         <abstract-schema-name>membre</abstract-schema-name>
         <cmp-field >
            <description><![CDATA[]]></description>
            <field-name>id</field-name>
         </cmp-field>
         <cmp-field >
            <description><![CDATA[]]></description>
            <field-name>nom</field-name>
         </cmp-field>
         <cmp-field >
            <description><![CDATA[]]></description>
            <field-name>prenom</field-name>
         </cmp-field>
         <cmp-field >
            <description><![CDATA[]]></description>
            <field-name>pseudo</field-name>
         </cmp-field>
         <cmp-field >
            <description><![CDATA[]]></description>
            <field-name>password</field-name>
         </cmp-field>
         <cmp-field >
            <description><![CDATA[]]></description>
            <field-name>email</field-name>
         </cmp-field>
         <cmp-field >
            <description><![CDATA[]]></description>
            <field-name>adresse</field-name>
         </cmp-field>
         <cmp-field >
            <description><![CDATA[]]></description>
            <field-name>codePostal</field-name>
         </cmp-field>
         <cmp-field >
            <description><![CDATA[]]></description>
            <field-name>ville</field-name>
         </cmp-field>
         <cmp-field >
            <description><![CDATA[]]></description>
            <field-name>pays</field-name>
         </cmp-field>
         <cmp-field >
            <description><![CDATA[]]></description>
            <field-name>telephoneFixe</field-name>
         </cmp-field>
         <cmp-field >
            <description><![CDATA[]]></description>
            <field-name>telephonePortable</field-name>
         </cmp-field>
         <cmp-field >
            <description><![CDATA[]]></description>
            <field-name>dateNaissance</field-name>
         </cmp-field>
         <primkey-field>id</primkey-field>

         <query>
            <description><![CDATA[findByPseudo]]></description>
            <query-method>
               <method-name>findByPseudo</method-name>
               <method-params>
                  <method-param>java.lang.String</method-param>
               </method-params>
            </query-method>
            <ejb-ql><![CDATA[SELECT DISTINCT OBJECT(p) FROM membre p WHERE p.pseudo = ?1]]></ejb-ql>
         </query>
	  <!-- Write a file named ejb-finders-MembreBean.xml if you want to define extra finders. -->

      </entity>

      <entity >
         <description><![CDATA[Description for Client]]></description>
         <display-name>Name for Client</display-name>

         <ejb-name>Client</ejb-name>

         <local-home>axlomoso.ezbay.model.interfaces.ClientLocalHome</local-home>
         <local>axlomoso.ezbay.model.interfaces.ClientLocal</local>

         <ejb-class>axlomoso.ezbay.model.ejb.ClientCMP</ejb-class>
         <persistence-type>Container</persistence-type>
         <prim-key-class>java.lang.String</prim-key-class>
         <reentrant>False</reentrant>
         <cmp-version>2.x</cmp-version>
         <abstract-schema-name>client</abstract-schema-name>
         <cmp-field >
            <description><![CDATA[]]></description>
            <field-name>id</field-name>
         </cmp-field>
         <primkey-field>id</primkey-field>

	  <!-- Write a file named ejb-finders-ClientBean.xml if you want to define extra finders. -->

      </entity>

      <entity >
         <description><![CDATA[Description for Enchere]]></description>
         <display-name>Name for Enchere</display-name>

         <ejb-name>ActionEnchere</ejb-name>

         <local-home>axlomoso.ezbay.model.interfaces.ActionEnchereLocalHome</local-home>
         <local>axlomoso.ezbay.model.interfaces.ActionEnchereLocal</local>

         <ejb-class>axlomoso.ezbay.model.ejb.ActionEnchereCMP</ejb-class>
         <persistence-type>Container</persistence-type>
         <prim-key-class>java.lang.String</prim-key-class>
         <reentrant>False</reentrant>
         <cmp-version>2.x</cmp-version>
         <abstract-schema-name>actionenchere</abstract-schema-name>
         <cmp-field >
            <description><![CDATA[]]></description>
            <field-name>id</field-name>
         </cmp-field>
         <cmp-field >
            <description><![CDATA[]]></description>
            <field-name>date</field-name>
         </cmp-field>
         <cmp-field >
            <description><![CDATA[]]></description>
            <field-name>montant</field-name>
         </cmp-field>
         <cmp-field >
            <description><![CDATA[]]></description>
            <field-name>dateLimite</field-name>
         </cmp-field>
         <primkey-field>id</primkey-field>

         <query>
            <description><![CDATA[findByArticleId]]></description>
            <query-method>
               <method-name>findByArticleId</method-name>
               <method-params>
                  <method-param>java.lang.String</method-param>
               </method-params>
            </query-method>
            <ejb-ql><![CDATA[ SELECT DISTINCT OBJECT(ae) FROM actionenchere AS ae, article AS a WHERE a.id = ?1 AND ae.articleLocal = a ORDER BY ae.date DESC]]></ejb-ql>
         </query>
	  <!-- Write a file named ejb-finders-ActionEnchereBean.xml if you want to define extra finders. -->

      </entity>

      <entity >
         <description><![CDATA[Description for Categorie]]></description>
         <display-name>Name for Categorie</display-name>

         <ejb-name>Categorie</ejb-name>

         <local-home>axlomoso.ezbay.model.interfaces.CategorieLocalHome</local-home>
         <local>axlomoso.ezbay.model.interfaces.CategorieLocal</local>

         <ejb-class>axlomoso.ezbay.model.ejb.CategorieCMP</ejb-class>
         <persistence-type>Container</persistence-type>
         <prim-key-class>java.lang.String</prim-key-class>
         <reentrant>False</reentrant>
         <cmp-version>2.x</cmp-version>
         <abstract-schema-name>categorie</abstract-schema-name>
         <cmp-field >
            <description><![CDATA[]]></description>
            <field-name>id</field-name>
         </cmp-field>
         <cmp-field >
            <description><![CDATA[]]></description>
            <field-name>libelle</field-name>
         </cmp-field>
         <primkey-field>id</primkey-field>

         <query>
            <query-method>
               <method-name>findAll</method-name>
               <method-params>
               </method-params>
            </query-method>
            <ejb-ql><![CDATA[SELECT Object(c) FROM categorie AS c]]></ejb-ql>
         </query>
	  <!-- Write a file named ejb-finders-CategorieBean.xml if you want to define extra finders. -->

      </entity>

      <entity >
         <description><![CDATA[Description for Vendeur]]></description>
         <display-name>Name for Vendeur</display-name>

         <ejb-name>Vendeur</ejb-name>

         <local-home>axlomoso.ezbay.model.interfaces.VendeurLocalHome</local-home>
         <local>axlomoso.ezbay.model.interfaces.VendeurLocal</local>

         <ejb-class>axlomoso.ezbay.model.ejb.VendeurCMP</ejb-class>
         <persistence-type>Container</persistence-type>
         <prim-key-class>java.lang.String</prim-key-class>
         <reentrant>False</reentrant>
         <cmp-version>2.x</cmp-version>
         <abstract-schema-name>vendeur</abstract-schema-name>
         <cmp-field >
            <description><![CDATA[]]></description>
            <field-name>id</field-name>
         </cmp-field>
         <cmp-field >
            <description><![CDATA[]]></description>
            <field-name>nomProprioCB</field-name>
         </cmp-field>
         <cmp-field >
            <description><![CDATA[]]></description>
            <field-name>numCB</field-name>
         </cmp-field>
         <cmp-field >
            <description><![CDATA[]]></description>
            <field-name>dateExpirCB</field-name>
         </cmp-field>
         <cmp-field >
            <description><![CDATA[]]></description>
            <field-name>codeSecuCB</field-name>
         </cmp-field>
         <primkey-field>id</primkey-field>

         <query>
            <query-method>
               <method-name>findAll</method-name>
               <method-params>
               </method-params>
            </query-method>
            <ejb-ql><![CDATA[SELECT Object(a) FROM vendeur AS a]]></ejb-ql>
         </query>
	  <!-- Write a file named ejb-finders-VendeurBean.xml if you want to define extra finders. -->

      </entity>

      <entity >
         <description><![CDATA[Description for Article]]></description>
         <display-name>Name for Article</display-name>

         <ejb-name>Article</ejb-name>

         <local-home>axlomoso.ezbay.model.interfaces.ArticleLocalHome</local-home>
         <local>axlomoso.ezbay.model.interfaces.ArticleLocal</local>

         <ejb-class>axlomoso.ezbay.model.ejb.ArticleCMP</ejb-class>
         <persistence-type>Container</persistence-type>
         <prim-key-class>java.lang.String</prim-key-class>
         <reentrant>False</reentrant>
         <cmp-version>2.x</cmp-version>
         <abstract-schema-name>article</abstract-schema-name>
         <cmp-field >
            <description><![CDATA[]]></description>
            <field-name>id</field-name>
         </cmp-field>
         <cmp-field >
            <description><![CDATA[]]></description>
            <field-name>enVente</field-name>
         </cmp-field>
         <cmp-field >
            <description><![CDATA[]]></description>
            <field-name>libelle</field-name>
         </cmp-field>
         <cmp-field >
            <description><![CDATA[]]></description>
            <field-name>marque</field-name>
         </cmp-field>
         <cmp-field >
            <description><![CDATA[]]></description>
            <field-name>modele</field-name>
         </cmp-field>
         <cmp-field >
            <description><![CDATA[]]></description>
            <field-name>prixVente</field-name>
         </cmp-field>
         <cmp-field >
            <description><![CDATA[]]></description>
            <field-name>anneeFabrication</field-name>
         </cmp-field>
         <cmp-field >
            <description><![CDATA[]]></description>
            <field-name>description</field-name>
         </cmp-field>
         <cmp-field >
            <description><![CDATA[]]></description>
            <field-name>dateLimite</field-name>
         </cmp-field>
         <cmp-field >
            <description><![CDATA[]]></description>
            <field-name>vendeurPseudo</field-name>
         </cmp-field>
         <cmp-field >
            <description><![CDATA[]]></description>
            <field-name>vendeurMembreId</field-name>
         </cmp-field>
         <cmp-field >
            <description><![CDATA[]]></description>
            <field-name>vendeurId</field-name>
         </cmp-field>
         <cmp-field >
            <description><![CDATA[]]></description>
            <field-name>encherisseurPseudo</field-name>
         </cmp-field>
         <cmp-field >
            <description><![CDATA[]]></description>
            <field-name>encherisseurMembreId</field-name>
         </cmp-field>
         <cmp-field >
            <description><![CDATA[]]></description>
            <field-name>encherisseurClientId</field-name>
         </cmp-field>
         <cmp-field >
            <description><![CDATA[]]></description>
            <field-name>derniereEnchereDate</field-name>
         </cmp-field>
         <cmp-field >
            <description><![CDATA[]]></description>
            <field-name>derniereEnchereMontant</field-name>
         </cmp-field>
         <cmp-field >
            <description><![CDATA[]]></description>
            <field-name>nbEncheres</field-name>
         </cmp-field>
         <cmp-field >
            <description><![CDATA[]]></description>
            <field-name>acheteurPseudo</field-name>
         </cmp-field>
         <cmp-field >
            <description><![CDATA[]]></description>
            <field-name>acheteurId</field-name>
         </cmp-field>
         <cmp-field >
            <description><![CDATA[]]></description>
            <field-name>acheteurMembreId</field-name>
         </cmp-field>
         <cmp-field >
            <description><![CDATA[]]></description>
            <field-name>transactionDate</field-name>
         </cmp-field>
         <cmp-field >
            <description><![CDATA[]]></description>
            <field-name>transactionMontant</field-name>
         </cmp-field>
         <cmp-field >
            <description><![CDATA[]]></description>
            <field-name>transactionAvis</field-name>
         </cmp-field>
         <primkey-field>id</primkey-field>

         <query>
            <query-method>
               <method-name>findAll</method-name>
               <method-params>
               </method-params>
            </query-method>
            <ejb-ql><![CDATA[SELECT Object(a) FROM article AS a]]></ejb-ql>
         </query>
         <query>
            <description><![CDATA[findByLibelle]]></description>
            <query-method>
               <method-name>findByLibelle</method-name>
               <method-params>
                  <method-param>java.lang.String</method-param>
               </method-params>
            </query-method>
            <ejb-ql><![CDATA[SELECT DISTINCT OBJECT(p) FROM article p WHERE p.libelle = ?1]]></ejb-ql>
         </query>
         <query>
            <description><![CDATA[findByMarque]]></description>
            <query-method>
               <method-name>findByMarque</method-name>
               <method-params>
                  <method-param>java.lang.String</method-param>
               </method-params>
            </query-method>
            <ejb-ql><![CDATA[SELECT DISTINCT OBJECT(p) FROM article p WHERE p.marque = ?1]]></ejb-ql>
         </query>
         <query>
            <description><![CDATA[findByModele]]></description>
            <query-method>
               <method-name>findByModele</method-name>
               <method-params>
                  <method-param>java.lang.String</method-param>
               </method-params>
            </query-method>
            <ejb-ql><![CDATA[SELECT DISTINCT OBJECT(p) FROM article p WHERE p.modele = ?1]]></ejb-ql>
         </query>
         <query>
            <description><![CDATA[findByPrixVente]]></description>
            <query-method>
               <method-name>findByPrixVente</method-name>
               <method-params>
                  <method-param>java.lang.Double</method-param>
               </method-params>
            </query-method>
            <ejb-ql><![CDATA[SELECT DISTINCT OBJECT(p) FROM article p WHERE p.prixVente <= ?1]]></ejb-ql>
         </query>
         <query>
            <description><![CDATA[findByAnneeFabrication]]></description>
            <query-method>
               <method-name>findByAnneeFabrication</method-name>
               <method-params>
                  <method-param>java.lang.Integer</method-param>
               </method-params>
            </query-method>
            <ejb-ql><![CDATA[SELECT DISTINCT OBJECT(p) FROM article p WHERE p.anneeFabrication >= ?1]]></ejb-ql>
         </query>
         <query>
            <description><![CDATA[findByDateLimite]]></description>
            <query-method>
               <method-name>findByDateLimite</method-name>
               <method-params>
                  <method-param>java.util.Date</method-param>
               </method-params>
            </query-method>
            <ejb-ql><![CDATA[SELECT DISTINCT OBJECT(p) FROM article p WHERE p.dateLimite >= ?1]]></ejb-ql>
         </query>
         <query>
            <description><![CDATA[findByDescription]]></description>
            <query-method>
               <method-name>findByDescription</method-name>
               <method-params>
                  <method-param>java.lang.String</method-param>
               </method-params>
            </query-method>
            <ejb-ql><![CDATA[SELECT DISTINCT OBJECT(p) FROM article p WHERE p.description LIKE '%?1%']]></ejb-ql>
         </query>
         <query>
            <description><![CDATA[findByFields]]></description>
            <query-method>
               <method-name>findByFields</method-name>
               <method-params>
                  <method-param>java.lang.String</method-param>
                  <method-param>java.lang.String</method-param>
                  <method-param>java.lang.String</method-param>
                  <method-param>java.lang.String</method-param>
                  <method-param>java.lang.Double</method-param>
                  <method-param>java.lang.Double</method-param>
                  <method-param>java.lang.Integer</method-param>
                  <method-param>java.util.Date</method-param>
               </method-params>
            </query-method>
            <ejb-ql><![CDATA[SELECT OBJECT(p) FROM article as p, categorie as c WHERE (c.id = ?1 and c = p.categorieLocal and p.libelle LIKE ?2 and p.marque LIKE ?3 and p.modele LIKE ?4 and p.prixVente BETWEEN ?5 AND ?6 and p.anneeFabrication >= ?7 and p.dateLimite >= ?8)]]></ejb-ql>
         </query>
	  <!-- Write a file named ejb-finders-ArticleBean.xml if you want to define extra finders. -->

      </entity>

      <entity >
         <description><![CDATA[Description for Transaction]]></description>
         <display-name>Name for Transaction</display-name>

         <ejb-name>ActionTransaction</ejb-name>

         <local-home>axlomoso.ezbay.model.interfaces.ActionTransactionLocalHome</local-home>
         <local>axlomoso.ezbay.model.interfaces.ActionTransactionLocal</local>

         <ejb-class>axlomoso.ezbay.model.ejb.ActionTransactionCMP</ejb-class>
         <persistence-type>Container</persistence-type>
         <prim-key-class>java.lang.String</prim-key-class>
         <reentrant>False</reentrant>
         <cmp-version>2.x</cmp-version>
         <abstract-schema-name>actiontransaction</abstract-schema-name>
         <cmp-field >
            <description><![CDATA[]]></description>
            <field-name>id</field-name>
         </cmp-field>
         <cmp-field >
            <description><![CDATA[]]></description>
            <field-name>date</field-name>
         </cmp-field>
         <cmp-field >
            <description><![CDATA[]]></description>
            <field-name>montant</field-name>
         </cmp-field>
         <cmp-field >
            <description><![CDATA[]]></description>
            <field-name>avis</field-name>
         </cmp-field>
         <primkey-field>id</primkey-field>

         <query>
            <description><![CDATA[findByArticleLocal]]></description>
            <query-method>
               <method-name>findByArticleLocal</method-name>
               <method-params>
                  <method-param>java.lang.String</method-param>
               </method-params>
            </query-method>
            <ejb-ql><![CDATA[SELECT OBJECT(at) FROM actiontransaction AS at, article AS a WHERE a.id = ?1 AND at.articleLocal = a]]></ejb-ql>
         </query>
	  <!-- Write a file named ejb-finders-ActionTransactionBean.xml if you want to define extra finders. -->

      </entity>

     <!--
       To add entity beans that you have deployment descriptor info for, add
       a file to your XDoclet merge directory called entity-beans.xml that contains
       the <entity></entity> markup for those beans.
     -->

      <!-- Message Driven Beans -->
     <!--
       To add message driven beans that you have deployment descriptor info for, add
       a file to your XDoclet merge directory called message-driven-beans.xml that contains
       the <message-driven></message-driven> markup for those beans.
     -->

   </enterprise-beans>

   <!-- Relationships -->
   <relationships >
      <ejb-relation >
         <ejb-relation-name>categorie-article</ejb-relation-name>

         <ejb-relationship-role >
            <ejb-relationship-role-name>Article fait partie d'une Categorie</ejb-relationship-role-name>
            <multiplicity>Many</multiplicity>
            <relationship-role-source >
               <ejb-name>Article</ejb-name>
            </relationship-role-source>
            <cmr-field >
               <cmr-field-name>categorieLocal</cmr-field-name>
            </cmr-field>
         </ejb-relationship-role>

         <ejb-relationship-role >
            <ejb-relationship-role-name>Une Categorie possede plusieurs Article</ejb-relationship-role-name>
            <multiplicity>One</multiplicity>
            <relationship-role-source >
               <ejb-name>Categorie</ejb-name>
            </relationship-role-source>
            <cmr-field >
               <cmr-field-name>articleLocal</cmr-field-name>
               <cmr-field-type>java.util.Collection</cmr-field-type>
            </cmr-field>
         </ejb-relationship-role>

      </ejb-relation>
      <ejb-relation >
         <ejb-relation-name>membre-vendeur</ejb-relation-name>

         <ejb-relationship-role >
            <ejb-relationship-role-name>A un Membre est associe un Vendeur</ejb-relationship-role-name>
            <multiplicity>One</multiplicity>
            <relationship-role-source >
               <ejb-name>Membre</ejb-name>
            </relationship-role-source>
            <cmr-field >
               <cmr-field-name>vendeurLocal</cmr-field-name>
            </cmr-field>
         </ejb-relationship-role>

         <ejb-relationship-role >
            <ejb-relationship-role-name>un Vendeur est associé a un Membre</ejb-relationship-role-name>
            <multiplicity>One</multiplicity>
            <relationship-role-source >
               <ejb-name>Vendeur</ejb-name>
            </relationship-role-source>
            <cmr-field >
               <cmr-field-name>membreLocal</cmr-field-name>
            </cmr-field>
         </ejb-relationship-role>

      </ejb-relation>
      <ejb-relation >
         <ejb-relation-name>article-vendeur</ejb-relation-name>

         <ejb-relationship-role >
            <ejb-relationship-role-name>article est vendu par vendeur</ejb-relationship-role-name>
            <multiplicity>Many</multiplicity>
            <relationship-role-source >
               <ejb-name>Article</ejb-name>
            </relationship-role-source>
            <cmr-field >
               <cmr-field-name>vendeurLocal</cmr-field-name>
            </cmr-field>
         </ejb-relationship-role>

         <ejb-relationship-role >
            <ejb-relationship-role-name>vendeur vend article</ejb-relationship-role-name>
            <multiplicity>One</multiplicity>
            <relationship-role-source >
               <ejb-name>Vendeur</ejb-name>
            </relationship-role-source>
            <cmr-field >
               <cmr-field-name>article</cmr-field-name>
               <cmr-field-type>java.util.Collection</cmr-field-type>
            </cmr-field>
         </ejb-relationship-role>

      </ejb-relation>
      <ejb-relation >
         <ejb-relation-name>client-actionenchere</ejb-relation-name>

         <ejb-relationship-role >
            <ejb-relationship-role-name>ActionEnchere est effectuée par un Client</ejb-relationship-role-name>
            <multiplicity>Many</multiplicity>
            <relationship-role-source >
               <ejb-name>ActionEnchere</ejb-name>
            </relationship-role-source>
            <cmr-field >
               <cmr-field-name>clientLocal</cmr-field-name>
            </cmr-field>
         </ejb-relationship-role>

         <ejb-relationship-role >
            <ejb-relationship-role-name>Client effectue des enchères</ejb-relationship-role-name>
            <multiplicity>One</multiplicity>
            <relationship-role-source >
               <ejb-name>Client</ejb-name>
            </relationship-role-source>
            <cmr-field >
               <cmr-field-name>actionEnchereLocal</cmr-field-name>
               <cmr-field-type>java.util.Collection</cmr-field-type>
            </cmr-field>
         </ejb-relationship-role>

      </ejb-relation>
      <ejb-relation >
         <ejb-relation-name>transaction-article</ejb-relation-name>

         <ejb-relationship-role >
            <ejb-relationship-role-name>Un Article fait l'objet d'1 Transaction</ejb-relationship-role-name>
            <multiplicity>One</multiplicity>
            <relationship-role-source >
               <ejb-name>Article</ejb-name>
            </relationship-role-source>
            <cmr-field >
               <cmr-field-name>actionTransactionLocal</cmr-field-name>
            </cmr-field>
         </ejb-relationship-role>

         <ejb-relationship-role >
            <ejb-relationship-role-name>Une Transaction concerne 1 Article</ejb-relationship-role-name>
            <multiplicity>One</multiplicity>
            <relationship-role-source >
               <ejb-name>ActionTransaction</ejb-name>
            </relationship-role-source>
            <cmr-field >
               <cmr-field-name>articleLocal</cmr-field-name>
            </cmr-field>
         </ejb-relationship-role>

      </ejb-relation>
      <ejb-relation >
         <ejb-relation-name>membre-client</ejb-relation-name>

         <ejb-relationship-role >
            <ejb-relationship-role-name>A un Membre est associe un Client</ejb-relationship-role-name>
            <multiplicity>One</multiplicity>
            <relationship-role-source >
               <ejb-name>Membre</ejb-name>
            </relationship-role-source>
            <cmr-field >
               <cmr-field-name>clientLocal</cmr-field-name>
            </cmr-field>
         </ejb-relationship-role>

         <ejb-relationship-role >
            <ejb-relationship-role-name>un Client est associé a un Membre</ejb-relationship-role-name>
            <multiplicity>One</multiplicity>
            <relationship-role-source >
               <ejb-name>Client</ejb-name>
            </relationship-role-source>
            <cmr-field >
               <cmr-field-name>membreLocal</cmr-field-name>
            </cmr-field>
         </ejb-relationship-role>

      </ejb-relation>
      <ejb-relation >
         <ejb-relation-name>enchere-article</ejb-relation-name>

         <ejb-relationship-role >
            <ejb-relationship-role-name>une enchere est posee sur un Article</ejb-relationship-role-name>
            <multiplicity>Many</multiplicity>
            <relationship-role-source >
               <ejb-name>ActionEnchere</ejb-name>
            </relationship-role-source>
            <cmr-field >
               <cmr-field-name>articleLocal</cmr-field-name>
            </cmr-field>
         </ejb-relationship-role>

         <ejb-relationship-role >
            <ejb-relationship-role-name>un article est lié a +sieurs encheres</ejb-relationship-role-name>
            <multiplicity>One</multiplicity>
            <relationship-role-source >
               <ejb-name>Article</ejb-name>
            </relationship-role-source>
            <cmr-field >
               <cmr-field-name>actionEnchereLocal</cmr-field-name>
               <cmr-field-type>java.util.Collection</cmr-field-type>
            </cmr-field>
         </ejb-relationship-role>

      </ejb-relation>
      <ejb-relation >
         <ejb-relation-name>client-actiontransaction</ejb-relation-name>

         <ejb-relationship-role >
            <ejb-relationship-role-name>ActionEnchere est effectuée par un Client</ejb-relationship-role-name>
            <multiplicity>Many</multiplicity>
            <relationship-role-source >
               <ejb-name>ActionTransaction</ejb-name>
            </relationship-role-source>
            <cmr-field >
               <cmr-field-name>clientLocal</cmr-field-name>
            </cmr-field>
         </ejb-relationship-role>

         <ejb-relationship-role >
            <ejb-relationship-role-name>Client effectue des transactions</ejb-relationship-role-name>
            <multiplicity>One</multiplicity>
            <relationship-role-source >
               <ejb-name>Client</ejb-name>
            </relationship-role-source>
            <cmr-field >
               <cmr-field-name>actionTransactionLocal</cmr-field-name>
               <cmr-field-type>java.util.Collection</cmr-field-type>
            </cmr-field>
         </ejb-relationship-role>

      </ejb-relation>
        <!-- 
          To add relationships for beans not managed by XDoclet, add
          a file to your XDoclet merge directory called relationships.xml that contains
          the <ejb-relation></ejb-relation> markups for those beans.
        --> 
   </relationships>

   <!-- Assembly Descriptor -->
     <!--
       To specify your own assembly descriptor info here, add a file to your
       XDoclet merge directory called assembly-descriptor.xml that contains
       the <assembly-descriptor></assembly-descriptor> markup.
     -->

   <assembly-descriptor >
     <!--
       To specify additional security-role elements, add a file in the merge
       directory called ejb-security-roles.xml that contains them.
     -->

   <!-- method permissions -->
     <!--
       To specify additional method-permission elements, add a file in the merge
       directory called ejb-method-permissions.ent that contains them.
     -->

   <!-- transactions -->
     <!--
       To specify additional container-transaction elements, add a file in the merge
       directory called ejb-container-transactions.ent that contains them.
     -->

   <!-- finder transactions -->

   <!-- message destinations -->
     <!--
       To specify additional message-destination elements, add a file in the merge
       directory called ejb-message-destinations.ent that contains them.
     -->

   <!-- exclude list -->
     <!--
       To specify an exclude-list element, add a file in the merge directory
       called ejb-exclude-list.xml that contains it.
     -->
   </assembly-descriptor>

</ejb-jar>
