<?xml version="1.0" encoding="UTF-8"?>
<!DOCTYPE jboss PUBLIC "-//JBoss//DTD JBOSS 4.0//EN" "http://www.jboss.org/j2ee/dtd/jboss_4_0.dtd">

<jboss>

   <enterprise-beans>

     <!--
       To add beans that you have deployment descriptor info for, add
       a file to your XDoclet merge directory called jboss-beans.xml that contains
       the <session></session>, <entity></entity> and <message-driven></message-driven>
       markup for those beans.
     -->

      <entity>
         <ejb-name>Membre</ejb-name>
         <local-jndi-name>MembreLocal</local-jndi-name>

        <method-attributes>
        </method-attributes>

      </entity>
      <entity>
         <ejb-name>Client</ejb-name>
         <local-jndi-name>ClientLocal</local-jndi-name>

        <method-attributes>
        </method-attributes>

      </entity>
      <entity>
         <ejb-name>ActionEnchere</ejb-name>
         <local-jndi-name>ActionEnchereLocal</local-jndi-name>

        <method-attributes>
        </method-attributes>

      </entity>
      <entity>
         <ejb-name>Categorie</ejb-name>
         <local-jndi-name>CategorieLocal</local-jndi-name>

        <method-attributes>
        </method-attributes>

      </entity>
      <entity>
         <ejb-name>Vendeur</ejb-name>
         <local-jndi-name>VendeurLocal</local-jndi-name>

        <method-attributes>
        </method-attributes>

      </entity>
      <entity>
         <ejb-name>Article</ejb-name>
         <local-jndi-name>ArticleLocal</local-jndi-name>

        <method-attributes>
        </method-attributes>

      </entity>
      <entity>
         <ejb-name>ActionTransaction</ejb-name>
         <local-jndi-name>ActionTransactionLocal</local-jndi-name>

        <method-attributes>
        </method-attributes>

      </entity>

      <session>
         <ejb-name>VendeurFacade</ejb-name>
         <jndi-name>ejb/VendeurFacade</jndi-name>
         <local-jndi-name>VendeurFacadeLocal</local-jndi-name>

        <method-attributes>
        </method-attributes>
      </session>
      <session>
         <ejb-name>TimerFinVente</ejb-name>
         <local-jndi-name>TimerFinVenteLocal</local-jndi-name>

        <method-attributes>
        </method-attributes>
      </session>
      <session>
         <ejb-name>ActionEnchereFacade</ejb-name>
         <jndi-name>ejb/ActionEnchereFacade</jndi-name>
         <local-jndi-name>ActionEnchereFacadeLocal</local-jndi-name>

        <method-attributes>
        </method-attributes>
      </session>
      <session>
         <ejb-name>CategorieFacade</ejb-name>
         <jndi-name>ejb/CategorieFacade</jndi-name>
         <local-jndi-name>CategorieFacadeLocal</local-jndi-name>

        <method-attributes>
        </method-attributes>
      </session>
      <session>
         <ejb-name>MembreFacade</ejb-name>
         <jndi-name>ejb/MembreFacade</jndi-name>
         <local-jndi-name>MembreFacadeLocal</local-jndi-name>

        <method-attributes>
        </method-attributes>
      </session>
      <session>
         <ejb-name>ActionTransactionFacade</ejb-name>
         <jndi-name>ejb/ActionTransactioneFacade</jndi-name>
         <local-jndi-name>ActionTransactionFacadeLocal</local-jndi-name>

        <method-attributes>
        </method-attributes>
      </session>
      <session>
         <ejb-name>ArticleFacade</ejb-name>
         <jndi-name>ejb/ArticleFacade</jndi-name>
         <local-jndi-name>ArticleFacadeLocal</local-jndi-name>

        <method-attributes>
        </method-attributes>
      </session>
      <session>
         <ejb-name>ClientFacade</ejb-name>
         <jndi-name>ejb/ClientFacade</jndi-name>
         <local-jndi-name>ClientFacadeLocal</local-jndi-name>

        <method-attributes>
        </method-attributes>
      </session>

    <!--
      write a merge file jboss-webservices.ent for webservice-description 
    -->

   </enterprise-beans>

     <!--
       To specify your own assembly descriptor info here, add a file to your
       XDoclet merge directory called jboss-assembly-descriptor.xml that contains
       the <assembly-descriptor></assembly-descriptor> markup.
     -->
   <assembly-descriptor>
    <!-- message destinations -->
     <!--
       To specify additional message-destination elements, add a file in the merge
       directory called jboss-message-destinations.ent that contains them.
     -->
   </assembly-descriptor>

   <resource-managers>
   </resource-managers>

  <!--
    | for container settings, you can merge in jboss-container.xml
    | this can contain <invoker-proxy-bindings/> and <container-configurations/>
  -->

</jboss>
