<?xml version="1.0" encoding="UTF-8"?>
<!DOCTYPE jbosscmp-jdbc PUBLIC "-//JBoss//DTD JBOSSCMP-JDBC 4.0//EN" "http://www.jboss.org/j2ee/dtd/jbosscmp-jdbc_4_0.dtd">

<jbosscmp-jdbc>
   <defaults>
     <datasource>java:/MyDS</datasource>
     <datasource-mapping>mySQL</datasource-mapping>
   </defaults>

   <enterprise-beans>

     <!--
       To add beans that you have deployment descriptor info for, add
       a file to your XDoclet merge directory called jbosscmp-jdbc-beans.xml
       that contains the <entity></entity> markup for those beans.
     -->

      <entity>
         <ejb-name>Membre</ejb-name>
         <create-table>true</create-table>
         <table-name>membre</table-name>

         <cmp-field>
            <field-name>id</field-name>
            <column-name>id</column-name>

        </cmp-field>
         <cmp-field>
            <field-name>nom</field-name>
            <column-name>nom</column-name>

        </cmp-field>
         <cmp-field>
            <field-name>prenom</field-name>
            <column-name>prenom</column-name>

        </cmp-field>
         <cmp-field>
            <field-name>pseudo</field-name>
            <column-name>pseudo</column-name>

        </cmp-field>
         <cmp-field>
            <field-name>password</field-name>
            <column-name>password</column-name>

        </cmp-field>
         <cmp-field>
            <field-name>email</field-name>
            <column-name>email</column-name>

        </cmp-field>
         <cmp-field>
            <field-name>adresse</field-name>
            <column-name>adresse</column-name>

        </cmp-field>
         <cmp-field>
            <field-name>codePostal</field-name>
            <column-name>codePostal</column-name>

        </cmp-field>
         <cmp-field>
            <field-name>ville</field-name>
            <column-name>ville</column-name>

        </cmp-field>
         <cmp-field>
            <field-name>pays</field-name>
            <column-name>pays</column-name>

        </cmp-field>
         <cmp-field>
            <field-name>telephoneFixe</field-name>
            <column-name>telephoneFixe</column-name>

        </cmp-field>
         <cmp-field>
            <field-name>telephonePortable</field-name>
            <column-name>telephonePortable</column-name>

        </cmp-field>
         <cmp-field>
            <field-name>dateNaissance</field-name>
            <column-name>dateNaissance</column-name>

        </cmp-field>

<!-- jboss 3.2 features -->
<!-- optimistic locking does not express the exclusions needed -->
      </entity>

      <entity>
         <ejb-name>Client</ejb-name>
         <create-table>true</create-table>
         <table-name>client</table-name>

         <cmp-field>
            <field-name>id</field-name>
            <column-name>id</column-name>

        </cmp-field>

<!-- jboss 3.2 features -->
<!-- optimistic locking does not express the exclusions needed -->
      </entity>

      <entity>
         <ejb-name>ActionEnchere</ejb-name>
         <create-table>true</create-table>
         <table-name>actionenchere</table-name>

         <cmp-field>
            <field-name>id</field-name>
            <column-name>id</column-name>

        </cmp-field>
         <cmp-field>
            <field-name>date</field-name>
            <column-name>date</column-name>

        </cmp-field>
         <cmp-field>
            <field-name>montant</field-name>
            <column-name>montant</column-name>

        </cmp-field>
         <cmp-field>
            <field-name>dateLimite</field-name>
            <column-name>datelimite</column-name>

        </cmp-field>

<!-- jboss 3.2 features -->
<!-- optimistic locking does not express the exclusions needed -->
      </entity>

      <entity>
         <ejb-name>Categorie</ejb-name>
         <create-table>true</create-table>
         <table-name>categorie</table-name>

         <cmp-field>
            <field-name>id</field-name>
            <column-name>id</column-name>

        </cmp-field>
         <cmp-field>
            <field-name>libelle</field-name>
            <column-name>libelle</column-name>

        </cmp-field>

<!-- jboss 3.2 features -->
<!-- optimistic locking does not express the exclusions needed -->
      </entity>

      <entity>
         <ejb-name>Vendeur</ejb-name>
         <create-table>true</create-table>
         <table-name>vendeur</table-name>

         <cmp-field>
            <field-name>id</field-name>
            <column-name>id</column-name>

        </cmp-field>
         <cmp-field>
            <field-name>nomProprioCB</field-name>
            <column-name>nomProprioCB</column-name>

        </cmp-field>
         <cmp-field>
            <field-name>numCB</field-name>
            <column-name>numCB</column-name>

        </cmp-field>
         <cmp-field>
            <field-name>dateExpirCB</field-name>
            <column-name>dateExpirCB</column-name>

        </cmp-field>
         <cmp-field>
            <field-name>codeSecuCB</field-name>
            <column-name>codeSecuCB</column-name>

        </cmp-field>

<!-- jboss 3.2 features -->
<!-- optimistic locking does not express the exclusions needed -->
      </entity>

      <entity>
         <ejb-name>Article</ejb-name>
         <create-table>true</create-table>
         <table-name>article</table-name>

         <cmp-field>
            <field-name>id</field-name>
            <column-name>id</column-name>

        </cmp-field>
         <cmp-field>
            <field-name>enVente</field-name>
            <column-name>envente</column-name>

        </cmp-field>
         <cmp-field>
            <field-name>libelle</field-name>
            <column-name>libelle</column-name>

        </cmp-field>
         <cmp-field>
            <field-name>marque</field-name>
            <column-name>marque</column-name>

        </cmp-field>
         <cmp-field>
            <field-name>modele</field-name>
            <column-name>modele</column-name>

        </cmp-field>
         <cmp-field>
            <field-name>prixVente</field-name>
            <column-name>prixvente</column-name>

        </cmp-field>
         <cmp-field>
            <field-name>anneeFabrication</field-name>
            <column-name>anneefabrication</column-name>

        </cmp-field>
         <cmp-field>
            <field-name>description</field-name>
            <column-name>description</column-name>

        </cmp-field>
         <cmp-field>
            <field-name>dateLimite</field-name>
            <column-name>datelimite</column-name>

        </cmp-field>
         <cmp-field>
            <field-name>vendeurPseudo</field-name>
            <column-name>vendeurPseudo</column-name>

        </cmp-field>
         <cmp-field>
            <field-name>vendeurMembreId</field-name>
            <column-name>vendeurMembreId</column-name>

        </cmp-field>
         <cmp-field>
            <field-name>vendeurId</field-name>
            <column-name>vendeurId</column-name>

        </cmp-field>
         <cmp-field>
            <field-name>encherisseurPseudo</field-name>
            <column-name>encherisseurpseudo</column-name>

        </cmp-field>
         <cmp-field>
            <field-name>encherisseurMembreId</field-name>
            <column-name>encherisseurmembreid</column-name>

        </cmp-field>
         <cmp-field>
            <field-name>encherisseurClientId</field-name>
            <column-name>encherisseurClientId</column-name>

        </cmp-field>
         <cmp-field>
            <field-name>derniereEnchereDate</field-name>
            <column-name>dernierencheredate</column-name>

        </cmp-field>
         <cmp-field>
            <field-name>derniereEnchereMontant</field-name>
            <column-name>derniereEnchereMontant</column-name>

        </cmp-field>
         <cmp-field>
            <field-name>nbEncheres</field-name>
            <column-name>nbEncheres</column-name>

        </cmp-field>
         <cmp-field>
            <field-name>acheteurPseudo</field-name>
            <column-name>acheteurPseudo</column-name>

        </cmp-field>
         <cmp-field>
            <field-name>acheteurId</field-name>
            <column-name>acheteurId</column-name>

        </cmp-field>
         <cmp-field>
            <field-name>acheteurMembreId</field-name>
            <column-name>acheteurMembreId</column-name>

        </cmp-field>
         <cmp-field>
            <field-name>transactionDate</field-name>
            <column-name>transactionDate</column-name>

        </cmp-field>
         <cmp-field>
            <field-name>transactionMontant</field-name>
            <column-name>transactionMontant</column-name>

        </cmp-field>
         <cmp-field>
            <field-name>transactionAvis</field-name>
            <column-name>transactionAvis</column-name>

        </cmp-field>

<!-- jboss 3.2 features -->
<!-- optimistic locking does not express the exclusions needed -->
      </entity>

      <entity>
         <ejb-name>ActionTransaction</ejb-name>
         <create-table>true</create-table>
         <table-name>actiontransaction</table-name>

         <cmp-field>
            <field-name>id</field-name>
            <column-name>id</column-name>

        </cmp-field>
         <cmp-field>
            <field-name>date</field-name>
            <column-name>date</column-name>

        </cmp-field>
         <cmp-field>
            <field-name>montant</field-name>
            <column-name>montant</column-name>

        </cmp-field>
         <cmp-field>
            <field-name>avis</field-name>
            <column-name>avis</column-name>

        </cmp-field>

<!-- jboss 3.2 features -->
<!-- optimistic locking does not express the exclusions needed -->
      </entity>

   </enterprise-beans>

  <relationships>
    <ejb-relation>
      <ejb-relation-name>categorie-article</ejb-relation-name>

      <ejb-relationship-role>
          <ejb-relationship-role-name>Article fait partie d'une Categorie</ejb-relationship-role-name>
          <fk-constraint>true</fk-constraint>
		  <key-fields/>

      </ejb-relationship-role>
      <ejb-relationship-role>
          <ejb-relationship-role-name>Une Categorie possede plusieurs Article</ejb-relationship-role-name>
          <key-fields>
             <key-field>
               <field-name>id</field-name>
               <column-name>categorie_id</column-name>
             </key-field>
          </key-fields>

      </ejb-relationship-role>
    </ejb-relation>
    <ejb-relation>
      <ejb-relation-name>membre-vendeur</ejb-relation-name>

      <ejb-relationship-role>
          <ejb-relationship-role-name>A un Membre est associe un Vendeur</ejb-relationship-role-name>
          <fk-constraint>true</fk-constraint>
		  <key-fields/>

      </ejb-relationship-role>
      <ejb-relationship-role>
          <ejb-relationship-role-name>un Vendeur est associé a un Membre</ejb-relationship-role-name>
          <key-fields>
             <key-field>
               <field-name>id</field-name>
               <column-name>vendeur_id</column-name>
             </key-field>
          </key-fields>

      </ejb-relationship-role>
    </ejb-relation>
    <ejb-relation>
      <ejb-relation-name>article-vendeur</ejb-relation-name>

      <ejb-relationship-role>
          <ejb-relationship-role-name>article est vendu par vendeur</ejb-relationship-role-name>
          <fk-constraint>true</fk-constraint>
		  <key-fields/>

      </ejb-relationship-role>
      <ejb-relationship-role>
          <ejb-relationship-role-name>vendeur vend article</ejb-relationship-role-name>
          <key-fields>
             <key-field>
               <field-name>id</field-name>
               <column-name>vendeur_id</column-name>
             </key-field>
          </key-fields>

      </ejb-relationship-role>
    </ejb-relation>
    <ejb-relation>
      <ejb-relation-name>client-actionenchere</ejb-relation-name>

      <ejb-relationship-role>
          <ejb-relationship-role-name>ActionEnchere est effectuée par un Client</ejb-relationship-role-name>
          <fk-constraint>true</fk-constraint>
		  <key-fields/>

      </ejb-relationship-role>
      <ejb-relationship-role>
          <ejb-relationship-role-name>Client effectue des enchères</ejb-relationship-role-name>
          <key-fields>
             <key-field>
               <field-name>id</field-name>
               <column-name>client_id</column-name>
             </key-field>
          </key-fields>

      </ejb-relationship-role>
    </ejb-relation>
    <ejb-relation>
      <ejb-relation-name>transaction-article</ejb-relation-name>

      <ejb-relationship-role>
          <ejb-relationship-role-name>Un Article fait l'objet d'1 Transaction</ejb-relationship-role-name>
          <key-fields>
             <key-field>
               <field-name>id</field-name>
               <column-name>article_id</column-name>
             </key-field>
          </key-fields>

      </ejb-relationship-role>
      <ejb-relationship-role>
          <ejb-relationship-role-name>Une Transaction concerne 1 Article</ejb-relationship-role-name>
          <fk-constraint>true</fk-constraint>
		  <key-fields/>

      </ejb-relationship-role>
    </ejb-relation>
    <ejb-relation>
      <ejb-relation-name>membre-client</ejb-relation-name>

      <ejb-relationship-role>
          <ejb-relationship-role-name>A un Membre est associe un Client</ejb-relationship-role-name>
          <fk-constraint>true</fk-constraint>
		  <key-fields/>

      </ejb-relationship-role>
      <ejb-relationship-role>
          <ejb-relationship-role-name>un Client est associé a un Membre</ejb-relationship-role-name>
          <key-fields>
             <key-field>
               <field-name>id</field-name>
               <column-name>client_id</column-name>
             </key-field>
          </key-fields>

      </ejb-relationship-role>
    </ejb-relation>
    <ejb-relation>
      <ejb-relation-name>enchere-article</ejb-relation-name>

      <ejb-relationship-role>
          <ejb-relationship-role-name>une enchere est posee sur un Article</ejb-relationship-role-name>
          <fk-constraint>true</fk-constraint>
		  <key-fields/>

      </ejb-relationship-role>
      <ejb-relationship-role>
          <ejb-relationship-role-name>un article est lié a +sieurs encheres</ejb-relationship-role-name>
          <key-fields>
             <key-field>
               <field-name>id</field-name>
               <column-name>article_id</column-name>
             </key-field>
          </key-fields>

      </ejb-relationship-role>
    </ejb-relation>
    <ejb-relation>
      <ejb-relation-name>client-actiontransaction</ejb-relation-name>

      <ejb-relationship-role>
          <ejb-relationship-role-name>ActionEnchere est effectuée par un Client</ejb-relationship-role-name>
          <fk-constraint>true</fk-constraint>
		  <key-fields/>

      </ejb-relationship-role>
      <ejb-relationship-role>
          <ejb-relationship-role-name>Client effectue des transactions</ejb-relationship-role-name>
          <key-fields>
             <key-field>
               <field-name>id</field-name>
               <column-name>client_id</column-name>
             </key-field>
          </key-fields>

      </ejb-relationship-role>
    </ejb-relation>
     <!-- 
       To add jboss relationships for beans not managed by XDoclet, add
       a file to your XDoclet merge directory called jbosscmp-jdbc-relationships.xml that contains
       the <ejb-relation></ejb-relation> markups for those beans.
     --> 
  </relationships>

</jbosscmp-jdbc>
